<?xml version="1.0" encoding="UTF-8"?>
<metadata>
<idinfo>
<citation>
<citeinfo>
<origin>RIGIS</origin>
<pubdate>19960101</pubdate>
<title>Marinas of Rhode Island; s44fsm96</title>
<geoform>vector digital data</geoform>
<pubinfo>
<pubplace>Providence, Rhode Island</pubplace>
<publish>RIGIS</publish>
</pubinfo>
<othercit>Suggested bibliographic reference: RIGIS, 1996. Marinas of Rhode Island; s44fsm96. Rhode Island Geographic Information System (RIGIS) Data Distribution System, URL: http://www.rigis.org, Environmental Data Center, University of Rhode Island, Kingston, Rhode Island (last date accessed: 14 October 2014).</othercit>
<onlink>http://www.rigis.org</onlink>
<lworkcit>
<citeinfo>
<origin>RIGIS</origin>
<pubdate>1996</pubdate>
<title>RIGIS Database</title>
<geoform>vector digital data</geoform>
<onlink>http://www.rigis.org</onlink>
</citeinfo>
</lworkcit>
</citeinfo>
</citation>
<descript>
<abstract>Public and private yacht clubs marinas and recreational boating facilities in Narragansett Bay and Southern Coastal RI</abstract>
<purpose>Inventory of boating facilities</purpose>
</descript>
<timeperd>
<timeinfo>
<sngdate>
<caldate>199703</caldate>
</sngdate>
</timeinfo>
<current>ground condition</current>
</timeperd>
<status>
<progress>Complete</progress>
<update>None planned</update>
</status>
<spdom>
<bounding>
<westbc>-71.838104</westbc>
<eastbc>-71.210673</eastbc>
<northbc>41.817655</northbc>
<southbc>41.182699</southbc>
</bounding>
</spdom>
<keywords>
<theme>
<themekt>ISO 19115 Topic Category</themekt>
<themekey>structure</themekey>
</theme>
<theme>
<themekt>None</themekt>
<themekey>salt water</themekey>
<themekey>bay</themekey>
<themekey>ocean</themekey>
<themekey>boat</themekey>
<themekey>marina</themekey>
<themekey>yacht</themekey>
</theme>
<place>
<placekt>GNIS</placekt>
<placekey>United States</placekey>
<placekey>Rhode Island</placekey>
<placekey>northeast</placekey>
<placekey>New England</placekey>
</place>
</keywords>
<accconst>None.</accconst>
<useconst>
This dataset is provided 'as is.’  The producer(s) of this dataset, contributors to this dataset, the Rhode Island Geographic Information System (RIGIS) consortium, the State of Rhode Island, and the University of Rhode Island do not make any warranties of any kind for this dataset, and are not liable for any loss or damage however and whenever caused by any use of this dataset.
Please acknowledge both RIGIS and the primary producer(s) of this dataset in any derived products.  Versions of the RIGIS logo suitable for both printed and web-based products are available at http://www.rigis.org/logos.
</useconst>
<ptcontac>
<cntinfo>
<cntorgp>
<cntorg>Rhode Island Division of Planning</cntorg>
<cntper>Shane White</cntper>
</cntorgp>
<cntpos>RIGIS Coordinator</cntpos>
<cntaddr>
<addrtype>mailing and physical address</addrtype>
<address>One Capitol Hill</address>
<city>Providence</city>
<state>RI</state>
<postal>02908-5872</postal>
</cntaddr>
<cntvoice>401-222-6483</cntvoice>
<cntemail>shane.white@doa.ri.gov</cntemail>
</cntinfo>
</ptcontac>
<datacred>Bates and McDonough Realty; RIGIS</datacred>
<native>Microsoft Windows XP Version 5.1 (Build 2600) Service Pack 3; ESRI ArcCatalog 9.3.0.1770</native>
</idinfo>
<dataqual>
<attracc>
<attraccr>RIGIS standards 99 per cent</attraccr>
</attracc>
<logic>visual inspection of attribute files; visual inspection of plot file</logic>
<complete>complete arc info point coverage;</complete>
<posacc>
<horizpa>
<horizpar>plus or minus 500 feet</horizpar>
</horizpa>
</posacc>
<lineage>
<srcinfo>
<srccite>
<citeinfo>
<origin>Bates and McDonough realty</origin>
<pubdate>1996</pubdate>
<title>data base file of facilities</title>
</citeinfo>
</srccite>
<srcscale>24000</srcscale>
<typesrc>paper</typesrc>
<srctime>
<timeinfo>
<sngdate>
<caldate>1996</caldate>
</sngdate>
</timeinfo>
<srccurr>publication date</srccurr>
</srctime>
<srccitea>N/A</srccitea>
<srccontr>Provided the data</srccontr>
</srcinfo>
<procstep>
<procdesc>Database file of addresses was georeference with software and unmatched facilities were located by heads up methods on RIGIS coverage</procdesc>
<srcused>N/A</srcused>
<procdate>199612</procdate>
</procstep>
<procstep>
<procdesc>Updated Point of Contact information for this dataset from "RIGIS Coordinator" to "Shane White."</procdesc>
<procdate>20150529</procdate>
<proccont>
<cntinfo>
<cntorgp>
<cntorg>University of Rhode Island Environmental Data Center</cntorg>
<cntper>Erica Tefft</cntper>
</cntorgp>
<cntpos>Research Associate</cntpos>
<cntaddr>
<addrtype>mailing and physical address</addrtype>
<address>Coastal Institute</address>
<address>1 Greenhouse Road</address>
<city>Kingston</city>
<state>RI</state>
<postal>02881</postal>
</cntaddr>
<cntvoice>401-874-5054</cntvoice>
<cntemail>erica@edc.uri.edu</cntemail>
</cntinfo>
</proccont>
</procstep>
</lineage>
</dataqual>
<spdoinfo>
<direct>Vector</direct>
<ptvctinf>
<sdtsterm>
<sdtstype>Entity point</sdtstype>
<ptvctcnt>78</ptvctcnt>
</sdtsterm>
<sdtsterm>
<sdtstype>Point</sdtstype>
<ptvctcnt>4</ptvctcnt>
</sdtsterm>
</ptvctinf>
</spdoinfo>
<spref>
<horizsys>
<planar>
<gridsys>
<gridsysn>State Plane Coordinate System</gridsysn>
<spcs>
<spcszone>3800</spcszone>
<transmer>
<sfctrmer>0.999994</sfctrmer>
<longcm>-71.500000</longcm>
<latprjo>41.083333</latprjo>
<feast>328083.333333</feast>
<fnorth>0.000000</fnorth>
</transmer>
</spcs>
</gridsys>
<planci>
<plance>coordinate pair</plance>
<coordrep>
<absres>0.000512</absres>
<ordres>0.000512</ordres>
</coordrep>
<plandu>survey feet</plandu>
</planci>
</planar>
<geodetic>
<horizdn>North American Datum of 1983</horizdn>
<ellips>Geodetic Reference System 80</ellips>
<semiaxis>6378137.000000</semiaxis>
<denflat>298.257222</denflat>
</geodetic>
</horizsys>
<vertdef>
<altsys>
<altres>0.000010</altres>
<altenc>Explicit elevation coordinate included with horizontal coordinates</altenc>
</altsys>
</vertdef>
</spref>
<eainfo>
<detailed>
<enttyp>
<enttypl>Marinas</enttypl>
</enttyp>
<attr>
<attrlabl>ZIPCODE</attrlabl>
<attrdef>zip code of facility</attrdef>
<attrdefs>bates mcdonough realty</attrdefs>
<attrdomv>
<rdom>
<rdommin>02871</rdommin>
<rdommax>02915</rdommax>
</rdom>
</attrdomv>
</attr>
<attr>
<attrlabl>SLIPS</attrlabl>
<attrdef>number of slips of moorings</attrdef>
<attrdefs>bates and mcdonough realty</attrdefs>
<attrdomv>
<rdom>
<rdommin>4</rdommin>
<rdommax>200</rdommax>
</rdom>
</attrdomv>
</attr>
<attr>
<attrlabl>OBJECTID</attrlabl>
<attrdef>Internal feature number.</attrdef>
<attrdefs>ESRI</attrdefs>
<attrdomv>
<udom>Sequential unique whole numbers that are automatically generated.</udom>
</attrdomv>
</attr>
<attr>
<attrlabl>Shape</attrlabl>
<attrdef>Feature geometry.</attrdef>
<attrdefs>ESRI</attrdefs>
<attrdomv>
<udom>Coordinates defining the features.</udom>
</attrdomv>
</attr>
<attr>
<attrlabl>LAT</attrlabl>
<attrdef>unknown (latitude?)</attrdef>
<attrdefs>unknown</attrdefs>
</attr>
<attr>
<attrlabl>LONG</attrlabl>
<attrdef>unknown (longitude?)</attrdef>
<attrdefs>unknown</attrdefs>
</attr>
<attr>
<attrlabl>NAME</attrlabl>
<attrdef>name of facility</attrdef>
<attrdefs>bates and mcdonough realty</attrdefs>
<attrdomv>
<udom>names</udom>
</attrdomv>
</attr>
<attr>
<attrlabl>TOWN</attrlabl>
<attrdef>town in which facility lcoated</attrdef>
<attrdefs>bates and mcdonough realty</attrdefs>
<attrdomv>
<udom>municipality names</udom>
</attrdomv>
</attr>
<attr>
<attrlabl>GlobalID</attrlabl>
</attr>
<attr>
<attrlabl>ADDRESS</attrlabl>
<attrdef>address or location</attrdef>
<attrdefs>bates and mcdonough realty</attrdefs>
<attrdomv>
<udom>individual addresses</udom>
</attrdomv>
</attr>
</detailed>
</eainfo>
<distinfo>
<distrib>
<cntinfo>
<cntorgp>
<cntorg>University of Rhode Island Environmental Data Center</cntorg>
<cntper>Erica Tefft</cntper>
</cntorgp>
<cntaddr>
<addrtype>mailing and physical</addrtype>
<address>1 Greenhouse Road</address>
<city>Kingston</city>
<state>RI</state>
<postal>02881</postal>
</cntaddr>
<cntvoice>401-874-5054</cntvoice>
<cntemail>erica@edc.uri.edu</cntemail>
<cntinst>email preferred</cntinst>
</cntinfo>
</distrib>
<distliab>This dataset is provided 'as is.'  The producer(s) of this dataset, contributors to this dataset, the Rhode Island Geographic Information System (RIGIS) consortium, the State of Rhode Island, and the University of Rhode Island do not make any warranties of any kind for this dataset, and are not liable for any loss or damage however and whenever caused by any use of this dataset.</distliab>
<stdorder>
<digform>
<digtinfo>
<formname>Esri shapefile</formname>
<filedec>ZIP</filedec>
</digtinfo>
<digtopt>
<onlinopt>
<computer>
<networka>
<networkr>http://www.rigis.org</networkr>
</networka>
</computer>
</onlinopt>
</digtopt>
</digform>
<fees>No fee for downloading directly from the RIGIS Data Distribution System located at http://www.rigis.org.</fees>
</stdorder>
</distinfo>
<metainfo>
<metd>20070628</metd>
<metc>
<cntinfo>
<cntorgp>
<cntorg>RI Department of Administration; Division of Information Technology</cntorg>
<cntper>N/A</cntper>
</cntorgp>
<cntpos>RIGIS Coordinator</cntpos>
<cntaddr>
<addrtype>mailing address</addrtype>
<address>1 Capitol Hill</address>
<city>Providence</city>
<state>Rhode Island</state>
<postal>02908</postal>
<country>USA</country>
</cntaddr>
<cntvoice>401-222-6483</cntvoice>
<cntfax>401-222-6482</cntfax>
<cntemail>rigis@admin.ri.gov</cntemail>
<hours>8:00 - 3:30</hours>
<cntinst>E-mail preferred</cntinst>
</cntinfo>
</metc>
<metstdn>FGDC Content Standards for Digital Geospatial Metadata</metstdn>
<metstdv>FGDC-STD-001-1998</metstdv>
<mettc>local time</mettc>
<metextns>
<onlink>http://www.esri.com/metadata/esriprof80.html</onlink>
<metprof>ESRI Metadata Profile</metprof>
</metextns>
</metainfo>
</metadata>
